{
  "openapi": "3.0.0",
  "info": {
    "title": "VM Management API Demo",
    "version": "1.0.0",
    "description": "Демонстрационная спецификация для тестирования парсера"
  },
  "servers": [
    {
      "url": "https://api.example.com",
      "description": "Production server"
    },
    {
      "url": "https://sandbox.example.com",
      "description": "Sandbox server"
    }
  ],
  "tags": [
    {
      "name": "virtual-machines",
      "description": "Операции с виртуальными машинами"
    },
    {
      "name": "users",
      "description": "Управление пользователями"
    }
  ],
  "paths": {
    "/api/v1/vms": {
      "get": {
        "tags": ["virtual-machines"],
        "summary": "Get list of virtual machines",
        "description": "Returns a list of virtual machines with optional filtering",
        "operationId": "getVMs",
        "parameters": [
          {
            "name": "limit",
            "in": "query",
            "description": "Maximum number of items to return",
            "required": false,
            "schema": {
              "type": "integer",
              "default": 100
            }
          },
          {
            "name": "offset",
            "in": "query",
            "description": "Number of items to skip",
            "required": false,
            "schema": {
              "type": "integer",
              "default": 0
            }
          },
          {
            "name": "status",
            "in": "query",
            "description": "Filter by VM status",
            "required": false,
            "schema": {
              "type": "string",
              "enum": ["running", "stopped", "error"]
            }
          }
        ],
        "responses": {
          "200": {
            "description": "Successful operation",
            "content": {
              "application/json": {
                "schema": {
                  "type": "array",
                  "items": {
                    "$ref": "#/components/schemas/VM"
                  }
                }
              }
            }
          }
        }
      },
      "post": {
        "tags": ["virtual-machines"],
        "summary": "Create a new virtual machine",
        "description": "Creates a new virtual machine with specified parameters",
        "operationId": "createVM",
        "requestBody": {
          "required": true,
          "description": "VM creation parameters",
          "content": {
            "application/json": {
              "schema": {
                "$ref": "#/components/schemas/VMCreateRequest"
              }
            }
          }
        },
        "responses": {
          "201": {
            "description": "VM created successfully",
            "content": {
              "application/json": {
                "schema": {
                  "$ref": "#/components/schemas/VM"
                }
              }
            }
          },
          "400": {
            "description": "Invalid input parameters"
          }
        }
      }
    },
    "/api/v1/vms/{id}": {
      "get": {
        "tags": ["virtual-machines"],
        "summary": "Get VM by ID",
        "description": "Returns detailed information about a specific virtual machine",
        "operationId": "getVMById",
        "parameters": [
          {
            "name": "id",
            "in": "path",
            "description": "VM unique identifier",
            "required": true,
            "schema": {
              "type": "string",
              "format": "uuid"
            }
          }
        ],
        "responses": {
          "200": {
            "description": "Successful operation",
            "content": {
              "application/json": {
                "schema": {
                  "$ref": "#/components/schemas/VM"
                }
              }
            }
          },
          "404": {
            "description": "VM not found"
          }
        }
      },
      "put": {
        "tags": ["virtual-machines"],
        "summary": "Update VM",
        "description": "Fully updates an existing virtual machine",
        "operationId": "updateVM",
        "parameters": [
          {
            "name": "id",
            "in": "path",
            "required": true,
            "schema": {
              "type": "string"
            }
          }
        ],
        "requestBody": {
          "required": true,
          "content": {
            "application/json": {
              "schema": {
                "$ref": "#/components/schemas/VMUpdateRequest"
              }
            }
          }
        },
        "responses": {
          "200": {
            "description": "VM updated successfully"
          },
          "404": {
            "description": "VM not found"
          }
        }
      },
      "delete": {
        "tags": ["virtual-machines"],
        "summary": "Delete VM",
        "description": "Deletes a virtual machine by ID",
        "operationId": "deleteVM",
        "parameters": [
          {
            "name": "id",
            "in": "path",
            "required": true,
            "schema": {
              "type": "string"
            }
          }
        ],
        "responses": {
          "204": {
            "description": "VM deleted successfully"
          },
          "404": {
            "description": "VM not found"
          }
        }
      }
    },
    "/api/v1/users": {
      "get": {
        "tags": ["users"],
        "summary": "Get list of users",
        "operationId": "getUsers",
        "responses": {
          "200": {
            "description": "Successful operation"
          }
        }
      },
      "post": {
        "tags": ["users"],
        "summary": "Create new user",
        "operationId": "createUser",
        "requestBody": {
          "required": true
        },
        "responses": {
          "201": {
            "description": "User created"
          }
        }
      }
    }
  },
  "components": {
    "schemas": {
      "VM": {
        "type": "object",
        "properties": {
          "id": {
            "type": "string",
            "format": "uuid"
          },
          "name": {
            "type": "string"
          },
          "status": {
            "type": "string",
            "enum": ["running", "stopped", "error"]
          },
          "created_at": {
            "type": "string",
            "format": "date-time"
          }
        }
      },
      "VMCreateRequest": {
        "type": "object",
        "required": ["name", "image_id", "flavor_id"],
        "properties": {
          "name": {
            "type": "string"
          },
          "image_id": {
            "type": "string"
          },
          "flavor_id": {
            "type": "string"
          },
          "description": {
            "type": "string"
          }
        }
      },
      "VMUpdateRequest": {
        "type": "object",
        "properties": {
          "name": {
            "type": "string"
          },
          "description": {
            "type": "string"
          }
        }
      }
    },
    "securitySchemes": {
      "bearerAuth": {
        "type": "http",
        "scheme": "bearer",
        "bearerFormat": "JWT"
      }
    }
  }
}